article_id,image_id,category,label_id,text_input,headline,abstract,body,caption,image_relpath,text_chars,clip_variant,vb_variant,clip_pred_id,vb_pred_id,clip_pred,vb_pred,clip_score,vb_score,clip_correct,vb_correct,f1_gain_proxy,clip_gain_proxy,score_gap,case_type
7502d651-75c8-53d4-bebb-e0fc586f20bc,7502d651-75c8-53d4-bebb-e0fc586f20bc,Well,23,"Headline: Parents of Kids With Down Syndrome, on Both Sides of Stares
Abstract: My daughter has Down syndrome, and people stare. I can't help staring at other people who have the same condition.
Caption: The author's daughter Sophie on a recent Disney trip.","Parents of Kids With Down Syndrome, on Both Sides of Stares","My daughter has Down syndrome, and people stare. I can't help staring at other people who have the same condition.","Parents of Kids With Down Syndrome, on Both Sides of Stares We had been at Disneyland for just two hours and this woman was staring at my younger daughter, Sophie, who was 3 at the time. Sophie has Down syndrome -- and has always attracted attention, usually of the sidelong variety. But this was head-on. ""O.K.,"" I said to my husband, Ray, through clenched teeth. ""If that woman doesn't stop staring at Sophie I'm going to walk over and tell her: Yes. She has it. Why don't you take a picture?"" Ray looked at me, then at the woman, who was by then tending to several kids under 5. ""It doesn't really seem to me that she's staring at Sophie,"" he said. ""Anyhow, so what if she is? I always stare at people with Down syndrome."" It's true. He did. And so did I. Long and hard, any time I got the chance. In the checkout line at the grocery store, on the carousel at the mall. At the doctor's office. And definitely at Disneyland. For years, we've made an annual family trip there and I've looked forward to several things: the Peter Pan ride, a Mickey-shaped soft pretzel and some really good staring opportunities. I'm not proud of my staring habit, but I don't mind admitting it. Even though about 6,000 babies with Down syndrome are born every year in the United States, and more and more people with the condition marked by an extra 21st chromosome are mainstreamed in society all the time, I just don't see people with Down syndrome out in public on a regular basis. Neither does Rosemarie Garland-Thomson. A professor of English and bioethics at Emory University in Atlanta, she wrote a 2009 book, ""Staring: How We Look,"" about why we stare at people who are different from us. She argues that people stare at people with physical and intellectual disabilities for many reasons -- including to educate themselves about the unfamiliar. ""Stares are urgent efforts to make the unknown known, to render legible something that seems at first glance incomprehensible,"" writes Dr. Garland-Thomson, who has a disability and has been on the receiving end of staring. Her own disability is not easy to describe, she said. ""Most of the time,"" she explained, ""I say I just have unusual hands and arms that I've had since birth."" Ultimately, Dr. Garland-Thomson told me when we talked, ""what we want is for there to be so many people with disabilities out and about in the public world that we become a completely unremarkable sight."" On that first trip to Disneyland when Sophie was 3, my husband and I spent three solid days staring. There was only one other child at Sophie's school with Down syndrome, and in our town in Arizona we weren't used to seeing other people exhibiting the gait and facial features that often characterize having an extra 21st chromosome. But Disneyland draws all kinds of people, and it seems to have a special magic for people with special needs; it's clean, contained, accessible and fun. And there always seem to be several people there with Down syndrome. Each time I'd see someone with it, I'd immediately project into the future, and imagine Sophie becoming that person. At the end of our trip, Sophie and I went for a final spin on the carousel. I was so focused on getting her safely buckled in that I almost didn't notice the woman in the navy blue windbreaker. She was older than the others I'd seen that week, her scrunched up face with a tiny nose and almond-shaped eyes unmistakable under a tangle of dark hair. Her face was beaming with rare joy. She ran past us and I lost track of her. The ride began and Sophie squawked, then laughed. I laughed, too. As we left the carousel, I hugged Sophie hard. I wanted to show Ray the woman in the navy windbreaker, but she was gone. Down syndrome was still so raw and new for me. I thought about that woman for a long time after that. Somehow she made me feel like things were going to be O.K. And they were. Every trip since, Sophie has been able to do more at Disneyland. She walked, then ran, and one fateful year she kept her pull-up dry for the whole trip in exchange for the promise of princess underpants. I find myself staring less. I haven't stopped -- and I'm still on the lookout for other people with Down syndrome -- but I don't wonder as much about what Sophie will be like when she grows up. She's almost there. Oddly, I don't mind as much anymore when I can catch people staring at her. But for some perspective on the etiquette of staring, I checked in with Lizzie Post, co-president of the Emily Post Institute, based in Burlington, Vt. ""Most of us really don't like it,"" Ms. Post said of staring. ""Why is this stranger giving me so much attention?"" Ms. Post graciously said she understood why I did it -- and still do, sometimes. ""Obviously we're humans, we pay attention to each other,"" she said, adding that she considers me more an observer than a starer. But she cautioned that it's tough for others to tell the difference and advised becoming a ""sneaky starer,"" or, instead of lurking in the background, approaching the person and starting a conversation. Not long ago, I did just that. On a visit to Disneyland just shy of her 13th birthday, Sophie rode Space Mountain twice, although I'm pretty sure the Winnie the Pooh ride was still really her favorite. Just before we left the park, we had one last meal at the Golden Horseshoe in Frontierland, a place that serves chicken strips and loud bluegrass music. We all had our hands over our ears as we waited for our food, shoved elbow-to-elbow with other tourists.",The author's daughter Sophie on a recent Disney trip.,btl1/data/multimodal/n24news/raw/imgs/7502d651-75c8-53d4-bebb-e0fc586f20bc.jpg,257,full_finetune,full_finetune,5,23,Science,Well,0.11620806,0.9754134,False,True,0.8592053,-0.8592053,0.8592053,clip_wrong_visualbert_right
06f70cc4-a78c-54c9-b254-18f45c25393f,06f70cc4-a78c-54c9-b254-18f45c25393f,Well,23,"Headline: Reading to Your Toddler? Print Books Are Better Than Digital Ones
Abstract: ""The tablet itself made it harder for parents and children to engage in the rich back-and-forth turn-taking that was happening in print books,"" a researcher said.",Reading to Your Toddler? Print Books Are Better Than Digital Ones,"""The tablet itself made it harder for parents and children to engage in the rich back-and-forth turn-taking that was happening in print books,"" a researcher said.","As a supporter of reading with children and a fan of traditional print books, I cannot say I am entirely surprised by the results of new research suggesting that print books are the best way to go when reading with young children. Reading books is one of the great and ongoing pleasures of my life, and although I read all kinds of things on screens, I cling to the print book, the paper book, or what we all secretly call ""the book-book."" I am willing to travel with a heavy bag full of books in order to enjoy the pleasure of turning paper pages on the airplane, and watching my bookmark (yes, of course, I have a bookmark fetish) move further and further through the book on the hotel night table. But when it comes to books for young children, there's a certain research imperative to figure out the role that screens can or should or might play in those first exposures to the written word. [The topics new parents are talking about. Evidence-based guidance. Personal stories that matter. Sign up now to get NYT Parenting in your inbox every week.] Reading is my cause, and has been for years. I am the national medical director of Reach Out and Read, a nonprofit that supports pediatricians in counseling parents and children to read together and providing books at checkups. Written language will be only more important in our children's lives as the world becomes more and more networked, in the largest written-word-based community that has ever existed. Our children will grow up to depend on their facility with reading and writing in their jobs, their personal relationships, their ability to access information and news, and their participation in civic discourse at every level. How can we help them into the world of written language, in all its many modern manifestations? In a study published Monday in the journal Pediatrics, researchers at the University of Michigan asked 37 parents to read similar stories to their 2- to 3-year-olds in three different formats (the order was varied for the different families): a print book, a basic electronic book (no bells or whistles) on a tablet, and an enhanced electronic book with animation and/or sound effects (tap a sea gull or a dog and hear the sounds they make). The interactions were videotaped and coded, looking at the number and kinds of verbalizations by parents and by children, at the amount of collaborative reading that went on, and at the general emotional tenor of the interaction. Reading print books together generated more verbalizations about the story from parents and from toddlers, more back and forth ""dialogic"" collaboration. (""What's happening here?"" ""Remember when you went to the beach with Dad?"") Dr. Tiffany Munzer, a fellow in developmental behavioral pediatrics at the University of Michigan C.S. Mott Children's Hospital, who was the first author on the study, said the researchers had wanted to study toddlers in particular because of a concern that the toddlers might be particularly susceptible to distraction by electronic enhancements. That was why the enhanced books were compared to print books but also to nonenhanced electronic books. ""They were susceptible,"" Dr. Munzer said, ""but the basic electronic book without the enhancements was also distracting to toddlers, and they had less engagement with their parents than with print books."" So while earlier research had suggested that the enhancements were problematic for young children, the results of this study suggested that even a nonenhanced story on the tablet screen seemed less likely to generate that parent-child dialogue. ""The tablet itself made it harder for parents and children to engage in the rich back-and-forth turn-taking that was happening in print books,"" Dr. Munzer said. The researchers can only speculate about why; it may be because of the patterns we are all accustomed to in using our devices. Perhaps ""the tablet is designed to be more of a personal device, perhaps parents and children use it independently at home,"" Dr. Munzer said. There were also some struggles over who got to control the tablet, and more ""negative format-related comments,"" like ""Don't touch that button."" And a print book, with a young child, may be a better piece of technology, if the goal is dialogue and conversational turn-taking. ""A print book is just so good at eliciting these interactions,"" Dr. Munzer said. ""You're comparing a tablet with the gold standard."" [Read more in our guide: How to Raise a Reader] I was one of the co-authors of a commentary accompanying the study, which acknowledged the many potential benefits of electronic books for children, but argued for continuing to rely on print books for the very young, including in programs that encourage parent-child reading. My colleague, Dr. Suzy Tomopoulos, assistant professor in the department of pediatrics at N.Y.U. School of Medicine, who was the lead author on the commentary, said that whatever the medium, ""parents need to read together with their child, use what they're reading, and expand on the text."" With younger children, she said, there's evidence that they get distracted with e-books, and there's a lot of technology being actively marketed to parents nowadays. ""You don't need a lot of bells and whistles to support your child's development,"" she said. ""Engaging the child and talking to the child does a wonderful job of supporting early child development."" Reach Out and Read has a partnership with Scholastic, which this week released the seventh edition of its Kids & Family Reading Report, a national survey of school-age children and parents. It found that though 58 percent of the kids surveyed said they love or like reading books for fun, there has been an incremental decrease in reading frequency among the children surveyed since 2010. And as children reach the age when they are expected to have fully mastered reading, they seem to be reading less for fun. In what the report called a ""decline by 9,"" the percentage of kids who report reading books for fun five to seven days a week dropped to 35 percent of 9-year-olds from 57 percent of 8-year-olds. Lauren Tarshis, senior vice president at Scholastic and a contributor to the report, pointed to the focus on third grade as the pivotal year when children are expected to achieve full fluency as readers. The worry is that is that the pressure -- and the testing -- at that stage may contribute to the perception that reading is no longer so much fun. ""I keep saying to my colleagues, it made me feel sorrowful,"" Ms. Tarshis said. ""If you have reading in your life as something you see as a way of transporting you, opening doors, it's just a wonderful, wonderful thing."" The report also highlighted the importance of ""reading role models,"" pointing out that the children who are frequent readers have people in their lives who enjoy reading, and parents who read frequently. This is hardly a surprise, though again, in the digital era, it might raise the question of just how our children can tell what it is that we are doing on our devices. But clearly parents play an important role. The book that stimulates the dialogue between parent and toddler is also the child's introduction to the pleasures of written language and stories. The pleasure that a parent takes in reading helps shape a growing child's attitude. And the message to parents should not be that they're doing it wrong (we all know we're doing things wrong, just as we all know that we're doing our best), but that parents really matter. ""Parents today work harder than ever,"" Dr. Munzer said. ""Our goal is to help families reflect on activities they engage in that spark connections.""",,btl1/data/multimodal/n24news/raw/imgs/06f70cc4-a78c-54c9-b254-18f45c25393f.jpg,248,full_finetune,full_finetune,23,12,Well,Music,0.14581831,0.21684721,True,False,0.0710289,-0.0710289,0.0710289,clip_right_visualbert_wrong
4cfdc99d-1780-5e14-883e-168f43d98b00,4cfdc99d-1780-5e14-883e-168f43d98b00,Style,17,"Headline: The Rise of the D.I.Y. Haggadah
Abstract: How to introduce some new characters — even emoji — to your socially distanced Seder.
Caption: A ""Seinfeld""-themed version.",The Rise of the D.I.Y. Haggadah,How to introduce some new characters — even emoji — to your socially distanced Seder.,"How to introduce some new characters -- even emoji -- to your socially distanced Seder. What makes this Passover different from all other Passovers? With the coronavirus resembling a plague of biblical proportions and requiring stringent social distancing, the only guests at this year's festivities may be from the Haggadah: a prayer book that guides celebrants through the 14-part ceremonial dinner known as the Seder. The Haggadah's pages are filled with classic Passover characters like Moses, Pharaoh, Elijah the Prophet ... and Harry Potter. Even as the Haggadah continues to document millenniums-old traditions in Hebrew and Aramaic text, editions released in recent years have also begun to incorporate modern themes like abstract concepts (memory), political realities (refugees, presidents) and pop culture icons (Jerry Seinfeld, emoji!), as well as works from authors like Jonathan Safran Foer, or the late Holocaust survivor Elie Wiesel. They have been produced with the zeal and creative interpretations that are often seen in fan fiction. ""That's the wonderful thing about Judaism: It's the most do-it-yourself religion,"" the humor writer Dave Barry said. You don't even have to be Jewish to rewrite Jewish texts. Mr. Barry, for example, is the son of a Presbyterian minister, though that did not stop him from writing ""For This We Left Egypt?"" with Alan Zweibel and Adam Mansbach, both of whom are Jewish. (Mr. Barry is married to a Jewish woman, has a Jewish daughter and has attended a fair share of seders.) ""The Haggadah in America is like Kit Kats in Japan,"" said David Zvi Kalman, the publisher of the Asufa Haggadah, which presents rich illustrations from a collective of Israeli artists. ""It's a product that accepts a wide variety of flavors. It's probably the most accessible Jewish book on the market."" There's the update on the old classic. The Maxwell House edition, which pairs product placement of coffee kosher for Passover with Jewish liturgy and has become one of the most ubiquitous and instantly recognizable versions, last year released a volume inspired by the television show ""The Marvelous Mrs. Maisel."" Nods include a mauve cover to replace the original pale yellow, pages ""stained"" with wine rings, an inset with a recipe for Midge's Brisket and vintage advertisements from the era when the show is set. (This particular volume could only be purchased with the coffee grounds, prompting social media debate about whether to drink or discard the coffee.) For Gabrielle Birkner and Elissa Strauss, the authors of the child-friendly Kveller Haggadah, the theme was memory. ""If you look at the Seder plate, you're eating memory food,"" said Ms. Birkner, referring to staples like matzo and parsley. ""We wanted to understand how they connect us from generation to generation."" For Jordan B. Gorfinkel, a comic book editor, lecturer and the mastermind behind a popular graphic novel Haggadah published last year, translating the mix of rituals and songs into a three-arc narrative with dialogue felt like a homecoming of sorts, given the Jewish roots of comic-book art. ""It is a utilitarian Haggadah,"" he said. ""Nothing is left out. Even the boring parts are included."" Another Haggadah, by Martin Bodek, has no words at all. Written in bits and bobs over the last two years, the emoji Haggadah was redrafted with each update of the emoji keyboard, and reads like a book-length rebus. Unlike traditional Haggadot, it's read from left to right. ""Instead of people sitting around and arguing, why not work out a puzzle?"" Mr. Bodek said. Producing the work was not without its challenges. ""There's no symbol for matzo!"" he said. Even harder: There's still no emoji for ""the,"" he said. This year, Mr. Bodek has produced a coronavirus Haggadah: ""Everyone washes their hands, for 40 seconds this time."" In the world of Jewish prayer books, customization is nothing new. At some weddings and bar mitzvahs, party favors include prayer booklets that commemorate hosts' names and the event date. But the Haggadah inspires unparalleled versions of devotion and creativity. ""It has such a powerful hold on the imagination because it tells a story of freedom through slavery,"" said Arthur Kiron, the curator of the Judaica collection at the libraries of the University of Pennsylvania, whose famed Arnold Levin Haggadah Collection contains 1,800 volumes in 20 languages. For creators who have spent months, and sometimes years, to create their own, often self-funded works, the format of the holiday, the storytelling tradition and the advent of the internet have all helped. Much like Thanksgiving, the Seder is a cultural touchstone: widely celebrated, accessible to those on the fringes or even outside of the community. That it takes place in the home invites familial traditions, and much as parents may feel the need to impart the story and its message to the next generation, there's also the reality of competing with limited attention spans and hungry mouths during the hours before dinner is served. (For the last two years, ""30 Minute Seder"" has been the best-selling Haggadah on Amazon. Most of these titles are available there. (For indecisive or enthusiastic buyers, an online store called Haggadahs-R-Us offers a selection of five titles: a haggadah sampler set. For those inclined to make their own, haggadot.com offers templates and source material in multiple languages."") ""The Haggadah almost demands that it be interactive,"" said Rabbi Rachel Grant Meyer, the author of the HIAS Haggadah. ""It's designed to utilize all your senses. It's a really sensory holiday. It's a really a home-based holiday. It's something that anybody can do."" Many communities, especially those outside of Israel, host Seders on two consecutive nights. ""Two nights really lends itself to having a fun second night,"" said Mr. Cowen -- enter the alternative Haggadah. Avid collectors have even bequeathed rare titles and entire collections to the University of Pennsylvania; Emory University; the University of California, Berkeley; the British Museum; the Morgan Library; and the Library of Congress, whose Washington Haggadah dates back to 1478.","A ""Seinfeld""-themed version.",btl1/data/multimodal/n24news/raw/imgs/4cfdc99d-1780-5e14-883e-168f43d98b00.jpg,175,full_finetune,full_finetune,11,17,Opinion,Style,0.12597631,0.9580951,False,True,0.83211875,-0.83211875,0.83211875,clip_wrong_visualbert_right
ec54998c-0375-5b5d-af14-5efbf14a7110,ec54998c-0375-5b5d-af14-5efbf14a7110,Style,17,"Headline: Prime Spot
Abstract: Who gets to sit at the head table at the White House?
Caption: George Clooney sits beside the first lady, Michelle Obama during the state dinner for British prime minister David Cameron.",Prime Spot,Who gets to sit at the head table at the White House?,"AMONG the more than 300 guests who attended the March 14 state dinner for David Cameron, the British prime minister, were a chosen few: the 19 people who got to sit at the head table with the president and the first lady. That list included, of course, Mr. Cameron and his wife, Samantha Cameron, as well as a sprinkling of Hollywood stars, like the British actor Damian Lewis, from the Showtime series, ""Homeland,"" and George Clooney, above, just off his Oscar nomination for ""The Descendants."" The billionaire investor Warren E. Buffett, along with his daughter, Susan, a philanthropist, also made the cut, as did Admiral James A. Winnefeld, vice chairman of the Joint Chiefs of Staff. But there were a few surprises on the list, which was first reported by The Washington Post, among them David Adjaye, the British architect who is the lead designer of the Smithsonian Institution's National Museum of African-American History and Culture, scheduled to open in Washington in 2015, and Sgt. First Class Leroy A. Petry, a recipient of the Medal of Honor. Fund-raisers also found a seat at the table, in the person of Chad H. Griffin, the incoming president of the Human Rights Campaign, an influential gay rights group, and a bundler for President Obama's re-election campaign. He was seated with his boyfriend, Jerome Fallon.","George Clooney sits beside the first lady, Michelle Obama during the state dinner for British prime minister David Cameron.",btl1/data/multimodal/n24news/raw/imgs/ec54998c-0375-5b5d-af14-5efbf14a7110.jpg,217,full_finetune,full_finetune,17,19,Style,Economy,0.15007979,0.33273208,True,False,0.1826523,-0.1826523,0.1826523,clip_right_visualbert_wrong
187cd759-6779-589c-97b0-23c0cdfc9f2c,187cd759-6779-589c-97b0-23c0cdfc9f2c,Education,22,"Headline: Going Clubbing
Abstract: Student groups for the 21st century.
Caption: MULTICULTURAL Does Harvard need a mariachi band? These musicians, all self-taught, have played for celebrities and two Mexican presidents.",Going Clubbing,Student groups for the 21st century.,"THE student tour guide probably recognized the dazed look on our faces. We had driven six hours through cornfields to visit Grinnell College. The Iowa cornfields ended at the very edge of campus. ""We are in the middle of nowhere,"" he acknowledged. Thus, student organizations offer distractions. ""If you want to form a club devoted to solving Rubik's Cubes or watching 'Family Guy,' no problem. If you want to change the world or fight global warming, no problem."" Later, I visited Grinnell's Web site to discover the range of club activities. There were the major food groups -- Christian groups, political groups, ethnic groups, oddball sports and things I'd never heard of, like the Grinnell Monologues, which exist to ""perform a collection of monologues about gender and genitalia,"" and the Adventure Sewer Explorers, ""dedicated to exploring sewers; good for town relations; will attempt to gather a library of material about sewer engineering."" Organizations have gone viral. Harvard has more than 400, up from about 250 six years ago. The University of California, Berkeley, has more than 1,000 organizations. The University of Wisconsin, Madison, estimates more than 800, with a Web site that encourages students to ""Discover your passions. Bring your resume to life."" The Web site of the College of William & Mary, which has 400 clubs, boasts ""endless geekery from quiz bowl to Ping-Pong to heavy metal."" One Sunday at a hometown hotel, my family watched a video presentation for Carnegie Mellon. After becoming acquainted with various clubs devoted to building self-propelled robot cars for Darpa field tests, an attractive student enthused about ballroom dancing. A few weeks later, the scene was repeated by a coed at Rose-Holman Institute of Technology in Indiana. Given the institute's academic atmosphere, the video held out the promise of full body contact, a selling point for geeks and nerds and my son. Here's a quick quiz. What do the following have in common? One student affairs officer tried to reassure me, ""College is where kids try out things they've only seen on the Internet."" That remark covers a host of parental nightmares and a lot of neat stuff. There are clubs that challenge members to make a movie in 24 hours or write a novel in a month. In the realm of sweat, I found clubs for skateboarding, kickball, poker, Ultimate Frisbee, hacky sack and unicycling while playing the kazoo. No less competitive were dance clubs devoted to hip-hop, swing, tap, square, bhangra and baile. Brown University has the Poler Bears, described as ""psychedelic and silly, muscular and meta-performative, abstract and out there . . . and yes, it can be unabashedly, gracefully, palm-sweatingly, heart-poundingly sexy as well."" (The Poler Bears recently put on a Lady Gaga spectacular to raise money for a new pole.) Clubs today, it seems, exist to provide stress relief and a sense of community. For many prospective students, finding a group of like-minded individuals will be the deciding factor. Asked about the phenomenon, Harry R. Lewis, former dean of Harvard College, confessed, ""I often got calls from parents who asked, 'Why does Harvard have a mariachi band? I sent my son or daughter to Harvard to become an engineer, not to play in a mariachi band.'To which I would respond, 'Would you rather have them go out drinking?' ""","MULTICULTURAL Does Harvard need a mariachi band? These musicians, all self-taught, have played for celebrities and two Mexican presidents.",btl1/data/multimodal/n24news/raw/imgs/187cd759-6779-589c-97b0-23c0cdfc9f2c.jpg,219,full_finetune,full_finetune,17,22,Style,Education,0.08819956,0.99361414,False,True,0.9054146,-0.9054146,0.9054146,clip_wrong_visualbert_right
3122f927-910e-560e-ae28-1be52de100cd,3122f927-910e-560e-ae28-1be52de100cd,Education,22,"Headline: Illegal Immigrants Get Scholarships While Aid Bill Idles
Abstract: State proposals broadening financial aid access are pending, but on Thursday a group of advocacy groups awarded scholarships to students who entered the country illegally.
Caption: Nataly Lopez, at lectern, and nine other City University of New York students received financial aid packages Thursday. Illegal immigrants do not have access to government aid under state law.",Illegal Immigrants Get Scholarships While Aid Bill Idles,"State proposals broadening financial aid access are pending, but on Thursday a group of advocacy groups awarded scholarships to students who entered the country illegally.","Among all the numbers that populate Nataly Lopez's life -- including phone digits, addresses, pass codes and friends' ages -- there is one that she never forgets: the cost of a semester's tuition at Baruch College, where she is a sophomore. Ms. Lopez, 21, is an illegal immigrant from Ecuador and has struggled to make ends meet, working several jobs to be able to pay for school. ""Two thousand eight hundred and five,"" she said. ""I know that number because I have to reach it to get to the next semester."" State proposals that would make government financial aid available for illegal immigrants like Ms. Lopez are pending in Albany. Frustrated with the pace of federal and state legislative action, advocacy groups, with the support of New York City officials, have developed a stopgap solution -- for a small number of needy students, at least. On Thursday, the groups announced the recipients of a new college scholarship specifically for illegal immigrants, the first such program in the state, they said. The program is financed by foundations and private donors, not public sources. But it has received crucial financing and support from the Fund for Public Advocacy, a nonprofit arm of the office of the city's public advocate, Bill de Blasio, a likely candidate for mayor in 2013. ""We all have to make up for the madness of our national policies,"" Mr. de Blasio, a Democrat, said at a news conference to introduce the 10 recipients, including Ms. Lopez. ""As an American and the grandson of immigrants, I'm offended we even have to be standing here having this discussion."" The first round of scholarships, called Dream Fellowships, was open only to undergraduates in the City University of New York system. The program allocates $2,000 toward a semester's tuition per recipient. It also places the students in a leadership-development program and provides them with internships at immigrant-advocacy organizations across the city. Last year, the California Legislature passed a bill allowing illegal immigrant students access to state financial aid. In the absence of similar legislation in other states, advocates have created private scholarships specifically intended for illegal immigrants, though they remain rare. More than 100 students applied for the fellowships, which are coordinated by the New York Immigration Coalition and receive additional financing from the Korean American Community Foundation, as well as small contributions by several labor unions. The initial group of fellows immigrated from East and South Asia and Central and South America. In the news conference, they said that the internships were an opportunity to broaden their education, and that the money was a much-needed windfall to help allay tuition. They spoke of their ambitions to pursue advanced degrees and become highly trained professionals -- in the United States. But they also described the stresses of living in legal shadows, juggling jobs and classes while pressing forward toward an uncertain future. Yohan Garcia, 25, said he dropped out of high school in Mexico and came to the United States nine years ago. While holding various low-wage jobs, including washing dishes, he learned English and enrolled at the Borough of Manhattan Community College. He now attends Hunter College and hopes to become a human rights lawyer or senator. Ms. Lopez, who immigrated at age 4, said she dropped out of college in 2009 when she could no longer pay for her classes. As the gravity of her legal situation dawned on her -- ""the realization that I can't do anything in this country,"" Ms. Lopez said -- she pitched headlong into depression. It took her a year to return to college. Now in the last semester of her sophomore year and pursuing a major in the psychology of language, she works full time as a waitress and is also a social media consultant for a Web design company and an English tutor. ""Our stories represent 65,000 students who are in the same position,"" she said.","Nataly Lopez, at lectern, and nine other City University of New York students received financial aid packages Thursday. Illegal immigrants do not have access to government aid under state law.",btl1/data/multimodal/n24news/raw/imgs/3122f927-910e-560e-ae28-1be52de100cd.jpg,450,full_finetune,full_finetune,22,20,Education,Your Money,0.21045774,0.3700751,True,False,0.15961736,-0.15961736,0.15961736,clip_right_visualbert_wrong
53cc4fdf-80bd-5bc6-b750-b0ebb50019e7,53cc4fdf-80bd-5bc6-b750-b0ebb50019e7,Your Money,20,"Headline: Going Back to School, Without the Pressure
Abstract: Residences near or on college campuses offer courses and culture for older adults.
Caption: Larry and Arlene Dunn, like other retirees, are opting for college retirement communities, where they can take lifelong learning courses, mentor college students and even get a degree.","Going Back to School, Without the Pressure",Residences near or on college campuses offer courses and culture for older adults.,"ARLENE AND LARRY DUNN, both music aficionados, had always been fans of two ensembles at the Oberlin College Conservatory of Music. So, the Dunns put the retirement community Kendal at Oberlin on the top of their list after they began looking for a new home. In addition to having a rich cultural life, the Dunns could audit Oberlin's classes free and attend lectures. Last year, the Dunns sold their home in rural LaCrosse, Ind., and moved to the college community in neighboring Ohio. ""We love being around young people,"" said Ms. Dunn, who is 71. ""And Oberlin is a very active community."" Like the Dunns, many other retirees are opting for college retirement communities, where they can take lifelong learning courses, mentor college students and even get a degree. Though exact estimates vary, there are now about 60 college retirement communities in the United States, like those near Stanford, Notre Dame and Penn State. As baby boomers retire in large numbers, these communities will experience significant upticks in popularity, said Andrew J. Carle, an assistant professor at George Mason University in Fairfax, Va., and a senior-housing expert. People want intellectually stimulating environments, he added. Learning-driven communities offer other benefits, experts say. Housing prices are usually stable in college towns, since there's a steady influx of people, says Jan Cullinane, author of ""Retire Happy"" and other books. And retirees can also attend plentiful cultural and sports events. Even more important, medical care near universities is usually cutting-edge, Ms. Cullinane added. ""Universities have medical institutions that do ongoing research,"" she said, adding that the University of Michigan, which also has a retirement community nearby, is doing research on celiac disease. Some communities are also tightly intertwined with colleges, bringing students and residents together. Lasell Village, on the campus of Lasell College in Newton, Mass., is managed by the college. Residents are required to take 450 hours of classes every calendar year. Wide-ranging choices include criminology, the Ecstatic Heart of Poetry and Crucial Cases in American History. All of the Lasell Village classes are overseen by a college dean. And each of the 16 mostly residential buildings has a classroom, where over 60 classes are held, in addition to the classes offered at the college. ""People need engagement,"" says Paula Panchuck, vice president of Lasell Village at Lasell College. ""They do not have to sit and twiddle their thumbs here."" Dr. Warner Slack, a professor of medicine at Harvard Medical School, and his wife sold their house in Newton to move to Lasell Village in 2012. Though Dr. Slack is still practicing, his wife has taken watercolor classes, along with studying the psychology of loss and other topics. ""We can use all of the Lasell College facilities, including the library,"" said Dr. Slack, 80. ""And the courses keep people mentally alive. There's also a lot of interaction with college students."" One downside, experts add, is that college retirement community fees can be costly. Upfront entrance fees can range from an average of $100,000 to $500,000, says Mr. Carle, the George Mason professor. Then there are also monthly fees, which may include the cost of rent, meals and transportation. Though most communities offer only rentals, they also usually offer continuing care, he adds, like nursing home supervision, and the level of care depends on the contract you sign. * Locast, a nonprofit streaming service for local TV, is shutting down * Capital One's chief executive was fined after being called a 'repeat offender.' At Kendal at Oberlin, entrance fees range from $92,000 to $488,500 and are based on the residence size. Additional monthly apartment fees are $2,591 to $4,844, which also depend on the size of the apartment. And at Lasell Village, entrance fees start at $300,000; monthly fees begin at $3,100. For that cost, however, residents can also receive more intensive care like assisted living and nursing home care as they age. Some communities even have on-site doctors and nurses. ""That care continuum is important,"" Mr. Carle said. The bulk of the entrance fee is also typically refundable after a resident moves out. The contract will show the exact percent -- at Lasell Village it's 90 percent. Experts suggest having an elder care lawyer check your contract. Even within college retirement communities, contracts vary widely. Most people opt for a life care contract, where residents pay an entrance fee and monthly fees, said Lisa McCracken, a senior vice president in Ziegler investment bank's senior living sector. The retirement community then picks up most of a resident's long-term care costs. However, contracts may also be offered as modified versions or fee-for-service, she added. There are lower-cost options, too, that don't include higher levels of care. The college retirement community Rivers Run, near the Rochester Institute of Technology in upstate New York, focuses on independent-living residents, and there are no upfront fees. Instead, people can buy a cottage or rent an apartment, which ranges from $2,400 up to $3,200 a month. Rivers Run also offers many ways to harness brain power, which has been shown to help stave off diseases like dementia. Residents can audit classes free, including courses on foods of the world, basic figure drawing and personal financial management. There's also an on-campus Osher Lifelong Learning Institute, where courses are developed by members. Holly Kylen, a retirement coach and financial adviser with ING Financial Partners in Pennsylvania, suggests doing the financial planning early, so money can be saved for the best-fitting community. ""Start pricing them when you're between ages 50 and 55,"" she said. ""That's usually when a person can best focus financially."" Besides their fees, college retirement communities vary widely. Mr. Carle suggests looking for one that's within one mile of the campus. ""Some are built 20 minutes away,"" he said. Many colleges, like those in the Ivy League, don't have available land nearby, though, he added. ""However, universities in the West and Midwest have lots of land,"" he said. Mr. Carle also suggested scouting out college senior housing where at least 10 percent of the residents are retired professors or part of the college faculty. Margaret Spicer, 69, moved into Kendal at Hanover in New Hampshire after teaching at Dartmouth for 35 years. ""Several of us here are former Dartmouth professors,"" she says. ""I didn't want to leave all my friends."" Before choosing Kendal, Ms. Spicer considered four retirement communities near colleges. ""But this area has been my home since 1974,"" she says. ""And we can audit any course at Dartmouth."" ""Look at your personal priorities before signing a contract with a housing community,"" says Ms. Cullinane. ""What are the non-negotiables? Is it health care? Lifelong learning? Are there airports close by? Narrow the choices down to three or four things that you must have. Then look at four to six places.""","Larry and Arlene Dunn, like other retirees, are opting for college retirement communities, where they can take lifelong learning courses, mentor college students and even get a degree.",btl1/data/multimodal/n24news/raw/imgs/53cc4fdf-80bd-5bc6-b750-b0ebb50019e7.jpg,339,full_finetune,full_finetune,23,20,Well,Your Money,0.09324544,0.9830232,False,True,0.8897778,-0.8897778,0.8897778,clip_wrong_visualbert_right
45a49a18-a30a-57d7-aa67-771fc837cd88,45a49a18-a30a-57d7-aa67-771fc837cd88,Your Money,20,"Headline: Some Real Estate Investors Are Putting More Money in One Basket
Abstract: While funds own scores of buildings around the country, these people are instead joining others in groups to buy specific buildings in particular places.
Caption: The pandemic ""has really been an eye opener"" for real estate investors, said Sharon Arthofer, an entrepreneur from San Marino, Calif.",Some Real Estate Investors Are Putting More Money in One Basket,"While funds own scores of buildings around the country, these people are instead joining others in groups to buy specific buildings in particular places.","Peter Starrett and Sharon Arthofer are wealthy investors who come from different business backgrounds, but both are looking to put more of their money into an asset that has suffered during the pandemic: real estate. For many investors, that would mean choosing funds that buy scores of buildings around the country. Instead, Mr. Starrett, who ran several retail companies before becoming a private equity executive, and Ms. Arthofer, an entrepreneur, are investing directly in specific buildings in just a few places. The strategy is riskier -- putting several million dollars, for instance, into one residential building versus using that same amount to invest in dozens of buildings. If the investment works out, however, it will offer greater returns and tax benefits. That's a big if, especially in the pandemic, when certain classes of properties, like offices, stores and restaurants, have been hit particularly hard by vacancies and tenants unable to pay their rent. But people like Mr. Starrett and Ms. Arthofer argue that they have more control when they invest in particular buildings with a group of other individuals. ""There's no doubt this has really been an eye opener,"" Ms. Arthofer, of San Marino, Calif., said. ""Brick-and-mortar retail has completely changed."" Or as Mr. Starrett, who lives in Los Angeles, put it: ""I had big questions about it in March when I couldn't do anything. But I've been through a few of these downturns in the past, and I've learned patience."" Real estate is likely to remain a favorite of wealthy investors because it can be owned indefinitely, has predictable cash flow and usually appreciates in value. But investors are looking for different types of real estate than they were at the beginning of the year, according to a report released on Monday by Withersworldwide, an international law firm. The firm talked to people who work in property and land development as well as academics, architects and hospitality workers about what the future of real estate might look like. Before the pandemic, investors wanted to be in cities like New York and London, where retail and residential properties profited because people lived close together. With coronavirus flare-ups in many cities around the world, investors now are looking for the opposite, said Vasi Yiannoulis-Riva, a partner in the real estate group at Withersworldwide. Commercial property deals in big urban areas have stalled, and she has been working with wealthy individuals buying estates outside cities like New York. ""I've done more residential deals in Connecticut in the last few months than in the past couple of years,"" Ms. Yiannoulis-Riva said. ""We're seeing a lot more ultra-high-net-worth folks interested in larger properties that have offices and pools. Their belief is even when people return to work, they probably won't commute five days a week anymore."" As a result, she said, some of the savviest and most risk-tolerant investors have been looking at commercial buildings in the suburbs. These buildings could be part of a new model for companies that want employees to return to the office but can't accommodate them all with social distancing at their headquarters. Investors are also looking at residential developments that reimagine how business can use their ground floors. Instead of being anchored by restaurants or stores, as they were at the start of the year, these properties may have tenants, like a pharmacy or a doctor's office, that will remain through future pandemics. Investors are also looking at industrial spaces that can serve as a warehouses for shippers and e-commerce companies. For people who own retail or office space where the tenants are struggling to pay rent, Ms. Yiannoulis-Riva has blunt advice: Hold on, if you can. ""Right now, it's going to be hard to sell unless you're selling at a discount or it's a distressed property with a lender who's putting pressure on you to unload it at a discount,"" she said. Ms. Arthofer said she had focused on multifamily buildings ever since she helped her mother manage a real estate portfolio that her father had build up in the Washington, D.C., area. Ms. Arthofer and her husband now have 40 percent of their investments in real estate. ""I'm a great believer in multifamily,"" Ms. Arthofer said. ""People pay their rent. They don't want to lose their homes. In our strip retail centers, there's roughly 75 percent who are paying and 25 percent who are not. But in our apartment buildings, 95 percent are paying their rent."" Ms. Arthofer and Mr. Starrett invested through a sponsor, Lion Real Estate Group, which finds the buildings. The group is betting that an emerging trend before the coronavirus -- the attraction of young people to apartments in cities like Austin, Texas, and Nashville -- will be a long-term winner. That strategy has benefited from the uneven spread of the coronavirus, which has left those cities relatively spared, and from the drop in mortgage rates. ""You have to say, 'I don't know what is going to happen in three to five years,'"" said Jeff Weller, managing principal and co-founder of Lion Real Estate Group. But if you can lock in a 2.5 percent interest rate, he added, this is the lowest your rents are going to be, so you can also say, ""My cash flow in Year 6 or 7 could be phenomenal."" Unlike investors in real estate funds, which often look to sell properties by a certain time and even unload their best-performing assets earlier to increase their rates of return, individual investors who buy buildings themselves can choose when or if they want to sell. In group deals, though, they're limited partners, so while they receive many of the benefits of owning a property outright, the final say on when it is going to be sold is up to the general partners who brought the investors together. Mark Holdsworth, the founder and managing partner at Holdsworth Group, a family office, invested heavily in real estate after BlackRock bought the investment firm he co-founded, Tennenbaum Capital Partners, in 2018. His focus has been on apartment buildings, and now real estate accounts for around 30 percent of his family office's investment portfolio, an amount he said he hoped to increase. Mr. Holdsworth has often invested through sponsors who pull together other wealthy individuals to buy a building. Some of the properties have been sold sooner than he would have liked. ""Generally, I've been fortunate in that sponsors have gotten good premiums on the ones they've sold,"" Mr. Holdsworth said. ""I'm always sorry to see the cash flow go. But I can put that money into another 1031 exchange."" That number refers to a section in the Internal Revenue Code that is the basis for most commercial real estate transactions. Section 1031 allows sellers of a property to avoid paying tax on the gains by buying a new property within a set amount of time. Real estate investors have used that section to build wealth for decades. But it could come to an abrupt end. Joseph R. Biden Jr. has vowed to end the preferential tax treatment if elected president. And that has added urgency in an uncertain time. ""If you're going to do it,"" Ms. Yiannoulis-Riva said, ""get it done.""","The pandemic ""has really been an eye opener"" for real estate investors, said Sharon Arthofer, an entrepreneur from San Marino, Calif.",btl1/data/multimodal/n24news/raw/imgs/45a49a18-a30a-57d7-aa67-771fc837cd88.jpg,380,full_finetune,full_finetune,20,8,Your Money,Television,0.1362656,0.5789654,True,False,0.44269982,-0.44269982,0.44269982,clip_right_visualbert_wrong
